Accuracy,ClassificationReport,ConfusionMatrix,F1-Macro,NPV,PPV,Precision-Macro,Recall-Macro
0.9835294117647059,"              precision    recall  f1-score   support

           0       0.98      1.00      0.99       384
           1       0.97      0.85      0.91        41

    accuracy                           0.98       425
   macro avg       0.98      0.93      0.95       425
weighted avg       0.98      0.98      0.98       425
","[[383   1]
 [  6  35]]",0.9500176408326473,0.9845758354755784,0.9722222222222222,0.9783990288489003,0.9255271849593496
