Accuracy,ClassificationReport,ConfusionMatrix,F1-Macro,NPV,PPV,Precision-Macro,Recall-Macro
0.9270588235294117,"              precision    recall  f1-score   support

           0       0.92      1.00      0.96       337
           1       1.00      0.65      0.79        88

    accuracy                           0.93       425
   macro avg       0.96      0.82      0.87       425
weighted avg       0.93      0.93      0.92       425
","[[337   0]
 [ 31  57]]",0.8711176326730252,0.9157608695652174,1.0,0.9578804347826086,0.8238636363636364
