Accuracy,ClassificationReport,ConfusionMatrix,F1-Macro,NPV,PPV,Precision-Macro,Recall-Macro
0.9905882352941177,"              precision    recall  f1-score   support

           0       0.99      1.00      0.99       384
           1       0.97      0.93      0.95        41

    accuracy                           0.99       425
   macro avg       0.98      0.96      0.97       425
weighted avg       0.99      0.99      0.99       425
","[[383   1]
 [  3  38]]",0.9724025974025974,0.9922279792746114,0.9743589743589743,0.9832934768167929,0.9621125508130082
