Accuracy,ClassificationReport,ConfusionMatrix,F1-Macro,NPV,PPV,Precision-Macro,Recall-Macro
0.9929411764705882,"              precision    recall  f1-score   support

           0       0.99      1.00      1.00       384
           1       1.00      0.93      0.96        41

    accuracy                           0.99       425
   macro avg       1.00      0.96      0.98       425
weighted avg       0.99      0.99      0.99       425
","[[384   0]
 [  3  38]]",0.9790671329360194,0.9922480620155039,1.0,0.9961240310077519,0.9634146341463414
