Accuracy,ClassificationReport,ConfusionMatrix,F1-Macro,NPV,PPV,Precision-Macro,Recall-Macro
0.9929411764705882,"              precision    recall  f1-score   support

           0       1.00      0.99      1.00       388
           1       0.95      0.97      0.96        37

    accuracy                           0.99       425
   macro avg       0.97      0.98      0.98       425
weighted avg       0.99      0.99      0.99       425
","[[386   2]
 [  1  36]]",0.9780645161290322,0.9974160206718347,0.9473684210526315,0.9723922208622331,0.9839091668988577
