Accuracy,ClassificationReport,ConfusionMatrix,F1-Macro,NPV,PPV,Precision-Macro,Recall-Macro
0.9929411764705882,"              precision    recall  f1-score   support

           0       0.99      1.00      1.00       390
           1       0.97      0.94      0.96        35

    accuracy                           0.99       425
   macro avg       0.98      0.97      0.98       425
weighted avg       0.99      0.99      0.99       425
","[[389   1]
 [  2  33]]",0.9763402549685465,0.9948849104859335,0.9705882352941176,0.9827365728900256,0.9701465201465201
